{
    "2019-20": {
        "all_players_points": 1625,
        "all_players_minutes": 39496,
        "all_players_games": 541,
        "all_players_cost": 2842.4000000000033,
        "avg_minutes_per_game": 73.00554528650648,
        "avg_points_per_minute": 0.04114340692728378,
        "avg_points_per_cost": 0.57169997185477
    },
    "2018-19": {
        "all_players_points": 26703,
        "all_players_minutes": 625781,
        "all_players_games": 8602,
        "all_players_cost": 2125.9,
        "avg_minutes_per_game": 72.74831434550104,
        "avg_points_per_minute": 0.04267147772143929,
        "avg_points_per_cost": 12.560797779763865
    }
}