{
  "2019-20": {
    "all_players_effective_total_points": 2897,
    "all_players_minutes": 177088,
    "total_players": 410,
    "avg_effective_total_points_per_player": 7.065853658536585,
    "avg_minutes_per_player": 47.991327913279136
  }
}