{
  "2019-20": {
    "all_players_effective_points": 1090,
    "all_players_minutes": 59000,
    "total_players": 333,
    "avg_effective_points_per_player": 3.2732732732732734,
    "avg_minutes_per_player": 59.05905905905906
  },
  "2018-19": {
    "all_players_effective_points": 10486,
    "all_players_minutes": 489485,
    "total_players": 505,
    "avg_effective_points_per_player": 20.764356435643563,
    "avg_minutes_per_player": 25.507295466388744
  }
}