{
  "2019-20": {
    "all_players_effective_total_points": 7533,
    "all_players_minutes": 473102,
    "total_players": 468,
    "avg_effective_total_points_per_player": 16.096153846153847,
    "avg_minutes_per_player": 42.120904558404554
  }
}