{
  "2019-20": {
    "all_players_effective_total_points": 12160,
    "all_players_minutes": 729394,
    "total_players": 511,
    "avg_effective_total_points_per_player": 23.79647749510763,
    "avg_minutes_per_player": 31.030119969369526
  }
}