{
  "2019-20": {
    "all_players_effective_total_points": 6890,
    "all_players_minutes": 431750,
    "total_players": 457,
    "avg_effective_total_points_per_player": 15.076586433260394,
    "avg_minutes_per_player": 42.943107221006564
  }
}