{
  "2019-20": {
    "all_players_effective_total_points": 8246,
    "all_players_minutes": 512507,
    "total_players": 481,
    "avg_effective_total_points_per_player": 17.143451143451145,
    "avg_minutes_per_player": 40.980889173196864
  }
}