{
  "2019-20": {
    "all_players_effective_total_points": 7196,
    "all_players_minutes": 451432,
    "total_players": 466,
    "avg_effective_total_points_per_player": 15.44206008583691,
    "avg_minutes_per_player": 42.119052061951855
  }
}