{
  "2019-20": {
    "all_players_effective_total_points": 4148,
    "all_players_minutes": 256076,
    "total_players": 429,
    "avg_effective_total_points_per_player": 9.668997668997669,
    "avg_minutes_per_player": 45.916442531827144
  }
}