{
  "2019-20": {
    "all_players_effective_total_points": 6221,
    "all_players_minutes": 392272,
    "total_players": 451,
    "avg_effective_total_points_per_player": 13.793791574279378,
    "avg_minutes_per_player": 43.48913525498891
  }
}