{
  "2019-20": {
    "all_players_effective_total_points": 4416,
    "all_players_minutes": 275864,
    "total_players": 434,
    "avg_effective_total_points_per_player": 10.175115207373272,
    "avg_minutes_per_player": 45.40223831468071
  }
}