{
  "2019-20": {
    "all_players_effective_total_points": 11764,
    "all_players_minutes": 709747,
    "total_players": 510,
    "avg_effective_total_points_per_player": 23.066666666666666,
    "avg_minutes_per_player": 30.925795206971678
  }
}