{
  "2019-20": {
    "all_players_effective_total_points": 8612,
    "all_players_minutes": 534239,
    "total_players": 484,
    "avg_effective_total_points_per_player": 17.793388429752067,
    "avg_minutes_per_player": 39.42141381345927
  }
}