{
  "2019-20": {
    "all_players_effective_total_points": 6532,
    "all_players_minutes": 412015,
    "total_players": 454,
    "avg_effective_total_points_per_player": 14.387665198237885,
    "avg_minutes_per_player": 43.215334591986576
  }
}