{
  "2019-20": {
    "all_players_effective_total_points": 5044,
    "all_players_minutes": 315309,
    "total_players": 443,
    "avg_effective_total_points_per_player": 11.386004514672686,
    "avg_minutes_per_player": 44.48490406320542
  }
}