{
  "2019-20": {
    "all_players_effective_total_points": 11141,
    "all_players_minutes": 670292,
    "total_players": 505,
    "avg_effective_total_points_per_player": 22.061386138613862,
    "avg_minutes_per_player": 30.867695141607186
  }
}