{
  "2019-20": {
    "all_players_effective_total_points": 5348,
    "all_players_minutes": 334984,
    "total_players": 445,
    "avg_effective_total_points_per_player": 12.017977528089888,
    "avg_minutes_per_player": 44.28076668869795
  }
}